Pair,Model_Name,Best_Validation_Loss,Best_Validation_Acc,Best_Test_Loss,Best_Test_Acc,m,k,future_k, down_sampling
BTCJPY,results/BTCJPY/LSTM_CNN_INDICATOR/m1_k360_f360_20250331-033608,0.685169,0.549664,0.686778,0.545579,1,360,360,10
BTCJPY,results/BTCJPY/LSTM_CNN_INDICATOR/m1_k360_f180_20250331-053156,0.689447,0.535372,0.689487,0.534630,1,360,180,10
BTCJPY,results/BTCJPY/LSTM_CNN_INDICATOR/m1_k360_f120_20250331-092842,0.686389,0.547130,0.686681,0.547271,1,360,120,10
BTCJPY,results/BTCJPY/LSTM_CNN_INDICATOR/m1_k360_f360_20250331-112942,0.691039,0.532081,0.691961,0.526096,1,360,360,100
BTCJPY,results/BTCJPY/LSTM_CNN_INDICATOR/m1_k360_f360_20250331-114953,0.689088,0.543090,0.692889,0.514519,1,360,360,100
